,request_id,dish_type_id,dish_id,dish_name,dish_description,dish_price_value,dish_total_like,dish_is_available,dish_type_name,option_id,option_min_select,option_max_select,item_id,item_name,item_price
0,1031704,2776277,41687349,Combo 1: 2 cá viên + 2 đậu bắp,,22000.0,10+,True,SIÊU SALE,,,,,,
1,1031704,2776277,58945288,Combo 4: 2 cá viên + 1 đậu bắp,,17000.0,3,True,SIÊU SALE,,,,,,
2,1031704,2776277,41687359,Combo 2: 1 xúc xích thịt heo + 1 đậu bắp,,21000.0,1,True,SIÊU SALE,,,,,,
3,1031704,2776277,41687374,Combo 3: 6 Nem Chua Rán,Tiết kiệm 11K,49000.0,2,True,SIÊU SALE,,,,,,
4,1031704,2776277,62600025,Combo 5: 2 cá viên + 1 khoai tây chiên + 2 đậu bắp,,42000.0,2,True,SIÊU SALE,,,,,,
5,1031704,1183090,10734405,Khoai Tây Lắc Phô Mai,,20000.0,10+,True,Khoai Tây - Tokbokki Lắc,,,,,,
6,1031704,1183090,10734409,Tokbokki Lắc Phô Mai,,20000.0,10+,True,Khoai Tây - Tokbokki Lắc,,,,,,
7,1031704,1183090,10681785,Khoai Tây Chiên,,20000.0,10+,True,Khoai Tây - Tokbokki Lắc,,,,,,
8,1031704,1183090,12507682,Da gà lắc phô mai,,25000.0,10+,True,Khoai Tây - Tokbokki Lắc,,,,,,
9,1031704,1183090,30334737,Sụm Gà Lắc Phô Mai,,27000.0,2,True,Khoai Tây - Tokbokki Lắc,,,,,,
10,1031704,1176960,10681769,Cá Viên Chiên,,6000.0,50+,True,Xiên Que Tự Chọn,,,,,,
11,1031704,1176960,10681772,Bò Viên,,6000.0,10+,True,Xiên Que Tự Chọn,,,,,,
12,1031704,1176960,10681840,Hải Sản Sốt Mayonnaise,,10000.0,50+,True,Xiên Que Tự Chọn,,,,,,
13,1031704,1176960,10681776,Hoành Thánh,,7000.0,10+,True,Xiên Que Tự Chọn,,,,,,
14,1031704,1176960,12507679,Tôm viên,,6000.0,10+,True,Xiên Que Tự Chọn,,,,,,
15,1031704,1176960,10681811,Xúc Xích Đại,,12000.0,10+,True,Xiên Que Tự Chọn,,,,,,
16,1031704,1176960,10681864,Đậu Hũ Cá,,7000.0,10+,True,Xiên Que Tự Chọn,,,,,,
17,1031704,1176960,10681779,Đậu Bắp,,5000.0,10+,True,Xiên Que Tự Chọn,,,,,,
18,1031704,1176960,10681843,Thanh Cua,,7000.0,10+,True,Xiên Que Tự Chọn,,,,,,
19,1031704,1176960,10681805,Phô Mai Que,,10000.0,10+,True,Xiên Que Tự Chọn,,,,,,
20,1031704,1176960,10681816,Cá Viên Trứng Cút,,12000.0,10+,True,Xiên Que Tự Chọn,,,,,,
21,1031704,1176960,10681847,Hồ Lô,,10000.0,10+,True,Xiên Que Tự Chọn,,,,,,
22,1031704,1176960,10681856,Sò Điệp,,10000.0,10+,True,Xiên Que Tự Chọn,,,,,,
23,1031704,1176960,10681838,Bánh Bao Trứng Cá Hồi - Vàng,,10000.0,10+,True,Xiên Que Tự Chọn,,,,,,
24,1031704,1176960,10734444,Bánh Bao Trứng Cá Hồi - Cam,,10000.0,10+,True,Xiên Que Tự Chọn,,,,,,
25,1031704,1176960,10681869,Tôm Hùm Viên,,10000.0,10+,True,Xiên Que Tự Chọn,,,,,,
26,1031704,1176960,10681824,Cá Viên Tẩm Cốm,,12000.0,10+,True,Xiên Que Tự Chọn,,,,,,
27,1031704,1176960,10681800,Cua Hoàng Đế,,13000.0,10+,True,Xiên Que Tự Chọn,,,,,,
28,1031704,1176960,11878659,Nem Chua Rán,,10000.0,10+,True,Xiên Que Tự Chọn,,,,,,
29,1031704,1176960,30334753,Chả Cá Đậu Đũa,,12000.0,8,True,Xiên Que Tự Chọn,,,,,,
30,1031704,1176960,10681853,Mực Cuộn Cắt Khoanh,,13000.0,5,True,Xiên Que Tự Chọn,,,,,,
31,1031704,1176960,10681794,Bánh Mì Hải Sản,,10000.0,10+,True,Xiên Que Tự Chọn,,,,,,
32,1031704,1176960,12507674,Fillet tàu hủ ki,,12000.0,10+,True,Xiên Que Tự Chọn,,,,,,
33,1031704,1176960,10681831,Chạo Cá,,10000.0,4,True,Xiên Que Tự Chọn,,,,,,
34,1031704,1176960,38173337,Chả Cốm,Chả cốm Hà Nội thơm béo lắm á khách ưiiii,15000.0,3,True,Xiên Que Tự Chọn,,,,,,
35,1031704,1176960,30334770,Hotdog Xúc Xích Phô Mai,,21000.0,2,True,Xiên Que Tự Chọn,,,,,,
36,1031704,1176957,10681757,Mẹt - Combo xiên que - Size M,,99000.0,10+,True,Zhen Food Combo,,,,,,
37,1031704,1176957,10681753,Mẹt - Combo xiên que - Size S,,69000.0,5,True,Zhen Food Combo,,,,,,
38,1031704,1176957,10681762,Mẹt - Combo xiên que - Size L,,169000.0,3,True,Zhen Food Combo,,,,,,
39,1031704,1184739,11591026,Mỳ trộn Sài Gòn,,28000.0,6,True,Mỳ Trộn,,,,,,
40,1031704,1184739,10747384,Mỳ Trộn Freedom,Topping tự chọn,10000.0,4,True,Mỳ Trộn,339721,1,13,1096434,Cá Viên,6000.0
41,1031704,1184739,10747384,Mỳ Trộn Freedom,Topping tự chọn,10000.0,4,True,Mỳ Trộn,339721,1,13,1096436,Bò Viên,6000.0
42,1031704,1184739,10747384,Mỳ Trộn Freedom,Topping tự chọn,10000.0,4,True,Mỳ Trộn,339721,1,13,1096440,Hoành Thánh,6000.0
43,1031704,1184739,10747384,Mỳ Trộn Freedom,Topping tự chọn,10000.0,4,True,Mỳ Trộn,339721,1,13,1096446,Cua Hoàng Đế,13000.0
44,1031704,1184739,10747384,Mỳ Trộn Freedom,Topping tự chọn,10000.0,4,True,Mỳ Trộn,339721,1,13,1096448,Xúc Xích,10000.0
45,1031704,1184739,10747384,Mỳ Trộn Freedom,Topping tự chọn,10000.0,4,True,Mỳ Trộn,339721,1,13,1096454,Cá Viên Trứng Cút,12000.0
46,1031704,1184739,10747384,Mỳ Trộn Freedom,Topping tự chọn,10000.0,4,True,Mỳ Trộn,339721,1,13,1096459,Thanh Cua,7000.0
47,1031704,1184739,10747384,Mỳ Trộn Freedom,Topping tự chọn,10000.0,4,True,Mỳ Trộn,339721,1,13,1096464,Mực Cuộn Malaysia,13000.0
48,1031704,1184739,10747384,Mỳ Trộn Freedom,Topping tự chọn,10000.0,4,True,Mỳ Trộn,339721,1,13,1096470,Sò Điệp,10000.0
49,1031704,1184739,10747384,Mỳ Trộn Freedom,Topping tự chọn,10000.0,4,True,Mỳ Trộn,339721,1,13,1096477,Đậu Hũ Cá,7000.0
50,1031704,1184739,10747384,Mỳ Trộn Freedom,Topping tự chọn,10000.0,4,True,Mỳ Trộn,339721,1,13,1096480,Tôm Hùm Viên,10000.0
51,1031704,1184739,10747384,Mỳ Trộn Freedom,Topping tự chọn,10000.0,4,True,Mỳ Trộn,339721,1,13,1096482,Bánh Bao Trứng Cá Hồi,10000.0
52,1031704,1184739,11591042,Mỳ trộn Zhen Food,,23000.0,0,True,Mỳ Trộn,,,,,,
53,1031704,1184739,11591014,Mỳ trộn Hà Nội,,28000.0,0,True,Mỳ Trộn,,,,,,
54,1031704,1254438,11377130,Trà chanh,,15000.0,6,True,Trà - Thức uống giải khát,,,,,,
55,1031704,1254438,11377125,Trà đào,,20000.0,6,True,Trà - Thức uống giải khát,,,,,,
56,1031704,1254438,11451377,Soda dâu,,20000.0,2,True,Trà - Thức uống giải khát,,,,,,
57,1031704,1254438,11451381,Soda blue,,20000.0,1,True,Trà - Thức uống giải khát,,,,,,
58,1031704,1254438,11465499,Sting dâu,,15000.0,0,True,Trà - Thức uống giải khát,,,,,,
59,1031704,1254438,38173229,Trà Dâu,"Ly 500ml, có topping dâu",25000.0,0,True,Trà - Thức uống giải khát,,,,,,
60,1031704,1254438,11377129,Trà vải,,20000.0,0,True,Trà - Thức uống giải khát,,,,,,
61,1031704,1254438,11465497,Pepsi,,15000.0,1,True,Trà - Thức uống giải khát,,,,,,
62,1031704,1254438,11451383,Soda vải,,20000.0,0,True,Trà - Thức uống giải khát,,,,,,
63,1031704,1254438,11451379,Soda việt quất,,20000.0,1,True,Trà - Thức uống giải khát,,,,,,
64,1031704,1254438,11451382,Soda đào,,20000.0,2,True,Trà - Thức uống giải khát,,,,,,
65,1031704,1254438,38173254,Trà Dâu Dứa,"Ly 500ml, có topping dâu, dứa",26000.0,2,True,Trà - Thức uống giải khát,,,,,,
66,725868,229326,2012000,SINH TỐ BƠ,,25000.0,10+,True,SINH TỐ BƠ,,,,,,
67,725868,229326,15436651,SINH TỐ BƠ + CHUỐI,,25000.0,7,True,SINH TỐ BƠ,,,,,,
68,725868,229326,25128276,SINH TỐ BƠ +DỪA,,25000.0,6,True,SINH TỐ BƠ,,,,,,
69,725868,229326,25128299,SINH TỐ BƠ +DÂU,,25000.0,4,True,SINH TỐ BƠ,,,,,,
70,725868,229326,25128282,SINH TỐ BƠ +PHOMAI,,30000.0,6,True,SINH TỐ BƠ,,,,,,
71,725868,229326,12053119,SINH TỐ BƠ +ĐẬU PHỘNG,Bơ xay chung với đậu phộng,30000.0,3,True,SINH TỐ BƠ,,,,,,
72,725868,229326,47116695,SINH TỐ BƠ +CAFE,,30000.0,3,True,SINH TỐ BƠ,,,,,,
73,725868,229326,28442261,SINH TỐ BƠ +SÂM DỨA,,25000.0,3,True,SINH TỐ BƠ,,,,,,
74,725868,229326,47116700,SINH TỐ BƠ +ĐẬU PHỘNG LY LỚN,,60000.0,0,True,SINH TỐ BƠ,,,,,,
75,725868,229372,12581702,RAU MÁ ĐẬU XANH LY LỚN,,20000.0,10+,True,RAU MÁ ,,,,,,
76,725868,229372,12581699,RAU MÁ LY LỚN,,16000.0,10+,True,RAU MÁ ,,,,,,
77,725868,229372,14283261,RAU MÁ SỮA LY LỚN,,20000.0,2,True,RAU MÁ ,,,,,,
78,725868,1582679,14277606,"Mã số 2/ giảm mụn, sáng da",Táo- bó xôi- thơm- lee,37000.0,8,True,NƯỚC ÉP DETOX/ Ly Lớn,,,,,,
79,725868,1582679,14278539,"Mã số 10/ giảm độc, lợi tiểu",Cam- táo- dưa hấu- chanh,37000.0,5,True,NƯỚC ÉP DETOX/ Ly Lớn,,,,,,
80,725868,1582679,14277638,"Mã số 3/ giảm cân, cân bằng huyết áp",Thơm- táo- carot- củ dền- cần tây,37000.0,3,True,NƯỚC ÉP DETOX/ Ly Lớn,,,,,,
81,725868,1582679,16057452,Cần Tây + Táo ly lớn,,37000.0,7,True,NƯỚC ÉP DETOX/ Ly Lớn,,,,,,
82,725868,1582679,14278180,"Mã số 4/ giảm cân, cân bằng huyết áp",Cần tây- thơm- cam- dưa leo- bó xôi,37000.0,5,True,NƯỚC ÉP DETOX/ Ly Lớn,,,,,,
83,725868,1582679,14278430,"Mã số 8/ tăng sức đề kháng, chống cảm cúm",Ổi- lê- thơm- dưa leo,37000.0,1,True,NƯỚC ÉP DETOX/ Ly Lớn,,,,,,
84,725868,1582679,51845842,Cần Tây + Thơm Chai Nguyên Chất ,Không đường không đas,39000.0,1,True,NƯỚC ÉP DETOX/ Ly Lớn,,,,,,
85,725868,1582679,14278655,Mã số 13/ thải độc gan,Củ dền- carot- táo- dưa leo,37000.0,3,True,NƯỚC ÉP DETOX/ Ly Lớn,,,,,,
86,725868,1582679,16057446,Cần Tây + Thơm ly lớn,,37000.0,2,True,NƯỚC ÉP DETOX/ Ly Lớn,,,,,,
87,725868,1582679,51846049,Cần Tây + Táo Chai Nguyên Chất,Không đường .Không đas,39000.0,6,True,NƯỚC ÉP DETOX/ Ly Lớn,,,,,,
88,725868,1582679,14277087,"Mã số 1/ giảm mụn, sáng da",Cam- carot- gừng- lee,37000.0,3,True,NƯỚC ÉP DETOX/ Ly Lớn,,,,,,
89,725868,1582679,14278366,"Mã số 6/ giảm cân, cân bằng huyết áp",Bí đao- thơm- carot- mật ong,37000.0,2,True,NƯỚC ÉP DETOX/ Ly Lớn,,,,,,
90,725868,1582679,63448221,Chai số 2 giảm mụn / sáng da,"Táo- bó xôi- thơm- lee ( không đường không đá)
Chai 420ml",37000.0,1,True,NƯỚC ÉP DETOX/ Ly Lớn,,,,,,
91,725868,1582679,14278307,"Mã số 5/ giảm cân, cân bằng huyết áp",Cần tây- mật ong,37000.0,2,True,NƯỚC ÉP DETOX/ Ly Lớn,,,,,,
92,725868,1582679,63448223,Chai số 3 giảm cân / cân bằng huyết áp,"Thơm- táo- carot- củ dền- cần tây( không đường không đá
Chai 420ml",37000.0,1,True,NƯỚC ÉP DETOX/ Ly Lớn,,,,,,
93,725868,1582679,14278492,"Mã số 9/ tăng sức đề kháng, chống cảm cúm",Carot- chanh- gừng- mật ong,37000.0,1,True,NƯỚC ÉP DETOX/ Ly Lớn,,,,,,
94,725868,1582679,14278746,Mã số 14/ thải độc gan,Thơm- dưa leo- carot- gưngf,37000.0,1,True,NƯỚC ÉP DETOX/ Ly Lớn,,,,,,
95,725868,1582679,16222177,Củ Dền+Thơm Ly  lớn,,37000.0,1,True,NƯỚC ÉP DETOX/ Ly Lớn,,,,,,
96,725868,1582679,14278376,"Mã số 7/ giảm cân, cân bằng huyết áp",Bí đao- cần tây- carot- củ dênf,37000.0,0,True,NƯỚC ÉP DETOX/ Ly Lớn,,,,,,
97,725868,1582679,52017431,Củ Dền +Thơm Chai Nguyên Chất,Không đường không đas,37000.0,0,True,NƯỚC ÉP DETOX/ Ly Lớn,,,,,,
98,725868,1582679,63448220,Chai Số 1 giảm mụn / sáng da,"Cam- carot- gừng- lee( không đường không đá) 
Chai 420ml",37000.0,0,True,NƯỚC ÉP DETOX/ Ly Lớn,,,,,,
99,725868,1582679,105732093,CẦN TÂY CHAI NGUYÊN CHẤT,KHÔNG ĐƯỜNG KHÔNG ĐAS,37000.0,0,True,NƯỚC ÉP DETOX/ Ly Lớn,,,,,,
100,725868,1582679,105732083,CẦN TÂY LY LỚN ,Không đươngf,37000.0,0,True,NƯỚC ÉP DETOX/ Ly Lớn,,,,,,
101,725868,1333699,2011957,Bí Đao ép,,15000.0,4,True,BÍ ĐAO,,,,,,
102,725868,1333699,12036747,Bí Đao +Thơm Ép,,20000.0,0,True,BÍ ĐAO,,,,,,
103,725868,1333699,46191885,Bí Đao +Thơm Chai Ép Nguyên Chất,,35000.0,1,True,BÍ ĐAO,,,,,,
104,725868,1333699,12124425,Bí Đao Chai Ép Nguyên Chất,"Không đá, không đươngf",30000.0,0,True,BÍ ĐAO,,,,,,
105,725868,1333699,46191845,Bí Đao +Thơm Ép Ly Lớn,,35000.0,0,True,BÍ ĐAO,,,,,,
106,725868,1333699,46191803,Bí Đao Ép Ly Lớn,,30000.0,0,True,BÍ ĐAO,,,,,,
107,725868,1404351,2049972,Trái cây dầm sữa chua,Trái cây cắt nhỏ trộn sữa chua,35000.0,10+,True,TRÁI CÂY DẦM,,,,,,
108,725868,1404351,12734953,SaBo Dầm Ly Lớn,,35000.0,1,True,TRÁI CÂY DẦM,,,,,,
109,725868,1404351,67875631,Dưa gang dầm - Ly lớn,,35000.0,2,True,TRÁI CÂY DẦM,,,,,,
110,725868,1404351,16464841,Đu đủ  dầm ly lớn,,35000.0,1,True,TRÁI CÂY DẦM,,,,,,
111,725868,1720182,15436343,Sinh tố Dâu Ly lớn ,,45000.0,2,True,SINH TỐ BƠ LY LỚN,,,,,,
112,725868,1720182,15435990,SINH TỐ BƠ LY LỚN,,50000.0,0,True,SINH TỐ BƠ LY LỚN,,,,,,
113,725868,2909697,2011782,Ổi Ép,,16000.0,10+,True,NƯỚC ÉP ỔI,,,,,,
114,725868,2909697,12124414,Chai Ổi Nguyên Chất,"Không đá, không dườngd",30000.0,10+,True,NƯỚC ÉP ỔI,,,,,,
115,725868,2909697,12037459,Ổi +Cóc,,20000.0,4,True,NƯỚC ÉP ỔI,,,,,,
116,725868,2909697,48461208,Ổi +Sơri,,20000.0,4,True,NƯỚC ÉP ỔI,,,,,,
117,725868,2909697,15436084,Ổi Ly Lớn,,30000.0,2,True,NƯỚC ÉP ỔI,,,,,,
118,725868,2909697,46180774,Ổi +Thơm,,20000.0,1,True,NƯỚC ÉP ỔI,,,,,,
119,725868,2909697,51853754,Ổi +Táo +Thơm Ly Lớn,,35000.0,0,True,NƯỚC ÉP ỔI,,,,,,
120,725868,2909697,51853725,Ổi +Táo +Thơm,,20000.0,1,True,NƯỚC ÉP ỔI,,,,,,
121,725868,2909697,48461209,Ổi +Táo,,20000.0,2,True,NƯỚC ÉP ỔI,,,,,,
122,725868,2909697,46180785,Chai Ổi +Thơm Nguyên Chất,Nguyên chất không đường không đas,35000.0,1,True,NƯỚC ÉP ỔI,,,,,,
123,725868,2909697,51853790,Ổi +Cóc Ly Lớn,,35000.0,0,True,NƯỚC ÉP ỔI,,,,,,
124,725868,2909697,51853766,Chai Ổi +Táo +Thơm Nguyên Chất,,35000.0,2,True,NƯỚC ÉP ỔI,,,,,,
125,725868,2909697,46180779,Ổi +Thơm Ly Lớn,,35000.0,1,True,NƯỚC ÉP ỔI,,,,,,
126,725868,2909697,48461213,Chai Ổi +Sơri Nguyên Chất,,35000.0,0,True,NƯỚC ÉP ỔI,,,,,,
127,725868,2909697,48461205,Ổi +Sơri Ly Lớn,,35000.0,0,True,NƯỚC ÉP ỔI,,,,,,
128,725868,2909697,46192150,Chai Ổi + Cóc nguyên chất,,35000.0,0,True,NƯỚC ÉP ỔI,,,,,,
129,725868,2909697,51853890,Ổi +Lê +Thơm Ly Lớn,,35000.0,1,True,NƯỚC ÉP ỔI,,,,,,
130,725868,2909697,51853883,Chai Ổi +Lê +Thơm Nguyên Chất,,35000.0,0,True,NƯỚC ÉP ỔI,,,,,,
131,725868,2909697,48461210,Ổi +Táo Ly Lớn,,35000.0,0,True,NƯỚC ÉP ỔI,,,,,,
132,725868,2909697,48461211,Chai Ổi +Táo Nguyên Chất,,35000.0,0,True,NƯỚC ÉP ỔI,,,,,,
133,725868,2909697,51853869,Ổi +Lê +Thơm,,20000.0,0,True,NƯỚC ÉP ỔI,,,,,,
134,725868,2910291,2011717,NƯỚC ÉP CAM,,20000.0,10+,True,CAM,,,,,,
135,725868,2910291,12037476,NƯỚC ÉP CAM+THƠM,,20000.0,8,True,CAM,,,,,,
136,725868,2910291,12037471,NƯỚC ÉP CAM + CÀ RỐT,,20000.0,6,True,CAM,,,,,,
137,725868,2910291,12124427,CHAI ÉP CAM ,"Không đá, không đươngf",35000.0,3,True,CAM,,,,,,
138,725868,2910291,12036563,NƯỚC ÉP CAM+ MẬT ONG,,20000.0,2,True,CAM,,,,,,
139,725868,2910291,12036557,NƯỚC ÉP CAM+ XÍ MUỘI,,20000.0,0,True,CAM,,,,,,
140,725868,2910291,15436251,NƯỚC ÉP CAM + MẬT ONG LY LỚN,,40000.0,4,True,CAM,,,,,,
141,725868,2910291,15436242,NƯỚC ÉP CAM LY LỚN,,35000.0,3,True,CAM,,,,,,
142,725868,2910291,12036552,NƯỚC ÉP CAM+ SỮA,,20000.0,3,True,CAM,,,,,,
143,725868,2910291,14280405,NƯỚC ÉP CAM + CHANH DÂY,,20000.0,0,True,CAM,,,,,,
144,725868,2910291,46190232,SINH TỐ CAM,,20000.0,0,True,CAM,,,,,,
145,725868,2910291,15436245,NƯỚC ÉP CAM + XÍ MUỘI LY LỚN,,45000.0,0,True,CAM,,,,,,
146,725868,2910291,46190191,NƯỚC ÉP CAM+CÓC,,20000.0,0,True,CAM,,,,,,
147,725868,2910291,67875562,CAM THƠM -  LY LỚN,,40000.0,0,True,CAM,,,,,,
148,725868,2910291,47116710,CHAI ÉP CAM +CÓC,,35000.0,0,True,CAM,,,,,,
149,725868,2910291,15436255,NƯỚC ÉP CAM +SỮA LY LỚN,,45000.0,0,True,CAM,,,,,,
150,725868,2910291,46190246,NƯỚC ÉP CAM+CÀ CHUA,,20000.0,0,True,CAM,,,,,,
151,725868,2910306,2011749,NƯỚC ÉP LÊ,,20000.0,6,True,LÊ,,,,,,
152,725868,2910306,12124409,CHAI ÉP LÊ NGUYÊN CHẤT,"Không đá, không đươngf",35000.0,0,True,LÊ,,,,,,
153,725868,2910306,15436066,NƯỚC ÉP LÊ LY LỚN,,35000.0,1,True,LÊ,,,,,,
154,725868,2910306,15436218,SINH TỐ LÊ LY LỚN,,30000.0,0,True,LÊ,,,,,,
155,725868,2910307,2011959,NƯỚC ÉP DƯA HẤU,,15000.0,10+,True,DƯA HẤU,,,,,,
156,725868,2910307,15436382,NƯỚC ÉP DƯA HẤU LY LỚN,,35000.0,3,True,DƯA HẤU,,,,,,
157,725868,2910307,12124416,CHAI ÉP DƯA HẤU NGUYÊN CHẤT,"Không đá, không đươngf",25000.0,5,True,DƯA HẤU,,,,,,
158,725868,2910307,15436386,SINH TỐ DƯA HẤU LY LỚN,,30000.0,0,True,DƯA HẤU,,,,,,
159,725868,2910311,2011961,NƯỚC ÉP DƯA LƯỚI,,25000.0,10+,True,DƯA LƯỚI,,,,,,
160,725868,2910311,2012051,SINH TỐ DƯA LƯỚI,,20000.0,8,True,DƯA LƯỚI,,,,,,
161,725868,2910311,15436641,SINH TỐ DƯA LƯỚI + DƯA GANG,,20000.0,6,True,DƯA LƯỚI,,,,,,
162,725868,2910311,12124430,CHAI ÉP DƯA LƯỚI NGUYÊN CHẤT,"Không đá, không dườngd",48000.0,2,True,DƯA LƯỚI,,,,,,
163,725868,2910311,15436377,NƯỚC ÉP DƯA LƯỚI LY LỚN,,45000.0,0,True,DƯA LƯỚI,,,,,,
164,725868,2910311,15436373,SINH TỐ DƯA LƯỚI LY LỚN,,40000.0,0,True,DƯA LƯỚI,,,,,,
165,725868,2910316,14291285,NƯỚC ÉP SORI,,20000.0,3,True,SƠRI,,,,,,
166,725868,2910316,14291286,CHAI ÉP SƠRI NGUYÊN CHẤT,,35000.0,1,True,SƠRI,,,,,,
167,725868,2910316,15436269,NƯỚC ÉP SƠRI LY LỚN,,40000.0,1,True,SƠRI,,,,,,
168,725868,2910317,2011639,Nước Ép Bưởi ,,20000.0,10+,True,BƯỞI,,,,,,
169,725868,2910317,12124407,Nước Ép Bưởi Chai Nguyên Chất ,"Không đá, không đươngf",35000.0,10+,True,BƯỞI,,,,,,
170,725868,2910317,15436340,Nước Ép Bưởi Ly Lớn ,,35000.0,2,True,BƯỞI,,,,,,
171,725868,2910317,15436341,Nước Ép Bưởi +Thơm Ly Lớn,,35000.0,2,True,BƯỞI,,,,,,
172,725868,2910317,52158065,Nước Ép Bưởi +Thơm Chai Nguyên Chất,,35000.0,2,True,BƯỞI,,,,,,
173,725868,2910317,52157982,Nước Ép Bưởi +Thơm,,20000.0,0,True,BƯỞI,,,,,,
174,725868,2910318,2011755,Táo Ép ,,20000.0,6,True,TÁO,,,,,,
175,725868,2910318,12036526,Táo +Lê Ép,,20000.0,10+,True,TÁO,,,,,,
176,725868,2910318,48908110,Táo +Thơm Ép ,,20000.0,7,True,TÁO,,,,,,
177,725868,2910318,7427376,Táo +Ổi Ép,,20000.0,3,True,TÁO,,,,,,
178,725868,2910318,48908113,Táo +Thơm Ép Ly Lớn,,35000.0,1,True,TÁO,,,,,,
179,725868,2910318,12124408,Táo Ép Chai Nguyên Chất,"Không đá, không đươngf",35000.0,1,True,TÁO,,,,,,
180,725868,2910318,14297264,Táo +Cà Rốt Ép,,20000.0,1,True,TÁO,,,,,,
181,725868,2910318,15436204,Táo Ép Ly Lớn,,35000.0,0,True,TÁO,,,,,,
182,725868,2910318,48907980,Táo +Thơm Ép Chai Nguyên Chất,,35000.0,1,True,TÁO,,,,,,
183,725868,2910318,51853474,Táo +Lê +Thơm Ép Ly Lớn,,35000.0,1,True,TÁO,,,,,,
184,725868,2910318,51851848,Táo + Lê + Thơm Ép,,20000.0,1,True,TÁO,,,,,,
185,725868,2910318,48908126,Táo +Lê Ép Ly Lớn,,35000.0,1,True,TÁO,,,,,,
186,725868,2910318,48908123,Táo +Cà Rốt Ép Ly Lớn,,35000.0,2,True,TÁO,,,,,,
187,725868,2910318,48908133,Táo +Ổi Ép Ly Lớn,,35000.0,0,True,TÁO,,,,,,
188,725868,2910318,48908118,Sinh Tố Táo,,15000.0,0,True,TÁO,,,,,,
189,725868,2910318,48908121,Táo +Cà Rốt Ép Chai Nguyên Chất,,35000.0,0,True,TÁO,,,,,,
190,725868,2910318,48908128,Táo +Lê Ép Chai Nguyên Chất,,35000.0,0,True,TÁO,,,,,,
191,725868,2910318,48908134,Táo +Ổi Ép Chai Nguyên Chất,,35000.0,0,True,TÁO,,,,,,
192,725868,2910318,15436213,Sinh Tố Táo Ly Lớn,,30000.0,1,True,TÁO,,,,,,
193,725868,2910318,51851020,Táo + Cà Chua  Ép Ly Lớn,,35000.0,0,True,TÁO,,,,,,
194,725868,2910318,51850768,Táo + Cà Chua  Ép,,20000.0,0,True,TÁO,,,,,,
195,725868,2910318,51851269,Táo +Cà Chua  Ép Chai Nguyên Chất,,35000.0,0,True,TÁO,,,,,,
196,725868,2910319,2011964,Thơm Ép,,18000.0,10+,True,Nước Ép Thơm,,,,,,
197,725868,2910319,12124411,Thơm Ép Chai Nguyên Chất,"Không đá, không đươngf",35000.0,10+,True,Nước Ép Thơm,,,,,,
198,725868,2910319,12036545,Thơm +Cà Rốt,,20000.0,10+,True,Nước Ép Thơm,,,,,,
199,725868,2910319,15436322,Thơm Ép Ly Lớn,,30000.0,4,True,Nước Ép Thơm,,,,,,
200,725868,2910319,2012048,Sinh Tố Thơm,,15000.0,1,True,Nước Ép Thơm,,,,,,
201,725868,2910319,14280398,Thơm +Chanh Dây,,20000.0,0,True,Nước Ép Thơm,,,,,,
202,725868,2910319,12036537,Thơm +Lê Ép,,20000.0,3,True,Nước Ép Thơm,,,,,,
203,725868,2910319,48908096,Thơm +Táo Ép Ly Lớn,,35000.0,1,True,Nước Ép Thơm,,,,,,
204,725868,2910319,48908095,Thơm +Táo Ép,,20000.0,0,True,Nước Ép Thơm,,,,,,
205,725868,2910319,48908100,Thơm +Cóc Ép ,,20000.0,1,True,Nước Ép Thơm,,,,,,
206,725868,2910319,51853970,Nước Ép Thơm +Táo +Ổi,,20000.0,1,True,Nước Ép Thơm,,,,,,
207,725868,2910319,51854009,Nước Ép Thơm Táo Ổi Chai Nguyên Chất ,,35000.0,0,True,Nước Ép Thơm,,,,,,
208,725868,2910319,51853992,Nước Ép Thơm +Táo +Ổi Ly Lớn,,35000.0,1,True,Nước Ép Thơm,,,,,,
209,725868,2910319,47116706,Thơm +Cà Rốt Ép Chai Nguyên Chất,,35000.0,0,True,Nước Ép Thơm,,,,,,
210,725868,2910319,48908059,Nước Ép Thơm +Cam Ly Lớn,,35000.0,0,True,Nước Ép Thơm,,,,,,
211,725868,2910319,48908044,Thơm +Cà Rốt Ép Ly Lớn,,35000.0,0,True,Nước Ép Thơm,,,,,,
212,725868,2910319,48908099,Thơm +Cóc Ép Ly Lớn,,35000.0,0,True,Nước Ép Thơm,,,,,,
213,725868,2910319,47116704,Nước Ép Thơm +Cam Chai Nguyên Chất,,35000.0,0,True,Nước Ép Thơm,,,,,,
214,725868,2910319,48908083,Nước Ép Thơm +Bưởi,,20000.0,0,True,Nước Ép Thơm,,,,,,
215,725868,2910319,48908015,Thơm +Táo Chai Nguyên Chất,,35000.0,0,True,Nước Ép Thơm,,,,,,
216,725868,2910319,47116709,Nước Ép Thơm +Bưởi Chai Nguyên Chất,,35000.0,0,True,Nước Ép Thơm,,,,,,
217,725868,2910319,15436323,Sinh Tố Thơm Ly Lớn,,30000.0,1,True,Nước Ép Thơm,,,,,,
218,725868,2910319,48908057,Nước Ép Thơm +Cam,,20000.0,0,True,Nước Ép Thơm,,,,,,
219,725868,2910319,48908019,Thơm +Lê Chai Nguyên Chất,,35000.0,0,True,Nước Ép Thơm,,,,,,
220,725868,2910319,48908055,Thơm +Chanh Dây Ly Lớn,,35000.0,0,True,Nước Ép Thơm,,,,,,
221,725868,2910319,48908029,Thơm +Lê Ly Lớn,,35000.0,0,True,Nước Ép Thơm,,,,,,
222,725868,2910319,48908076,Nước Ép Thơm +Bưởi Ly Lớn,,35000.0,0,True,Nước Ép Thơm,,,,,,
223,725868,2910319,47116705,Thơm +Cóc Ép Chai Nguyên Chất,,35000.0,0,True,Nước Ép Thơm,,,,,,
224,725868,2910319,72228695,Nước Ép Thơm + Nho Ly Lớn ,,40000.0,0,True,Nước Ép Thơm,,,,,,
225,725868,2910319,72228692,Nước Ép Thơm + Nho,,22000.0,0,True,Nước Ép Thơm,,,,,,
226,725868,2910321,15436408,NƯỚC ÉP CỦ DỀN LY LỚN,,37000.0,0,True,CỦ DỀN ,,,,,,
227,725868,2910321,63324643,Nước Ép Củ Đền + Táo Ly Lớn,,37000.0,1,True,CỦ DỀN ,,,,,,
228,725868,2910321,63324637,Củ Dền + Thơm Ly Lớn ,,37000.0,0,True,CỦ DỀN ,,,,,,
229,725868,2910322,2011787,NƯỚC ÉP CÓC,,15000.0,10+,True,CÓC,,,,,,
230,725868,2910322,12124422,CHAI ÉP CÓC NGUYÊN CHẤT,"Không đá, không đươngf",25000.0,1,True,CÓC,,,,,,
231,725868,2910322,12037465,NƯỚC ÉP CÓC +THƠM,,20000.0,6,True,CÓC,,,,,,
232,725868,2910322,15436188,NƯỚC ÉP CÓC LY LỚN,,35000.0,3,True,CÓC,,,,,,
233,725868,2910324,2011954,NƯỚC ÉP CÀ CHUA,,15000.0,4,True,CÀ CHUA,,,,,,
234,725868,2910324,12036700,SINH TỐ CÀ CHUA + CÀ RỐT,,15000.0,0,True,CÀ CHUA,,,,,,
235,725868,2910324,2012042,Sinh tố cà chua,,15000.0,1,True,CÀ CHUA,,,,,,
236,725868,2910324,47116708,CHAI ÉP CÀ CHUA ,,35000.0,0,True,CÀ CHUA,,,,,,
237,725868,2910324,15436182,NƯỚC ÉP CÀ CHƯA LY LỚN,,35000.0,0,True,CÀ CHUA,,,,,,
238,725868,2910324,15436230,SINH TỐ CÀ CHUA LY LỚN,,30000.0,1,True,CÀ CHUA,,,,,,
239,725868,2910328,2011791,NƯỚC ÉP CÀ RỐT,,16000.0,6,True,CÀ RỐT,,,,,,
240,725868,2910328,12036571,CÀ RỐT+ CÀ CHUA ÉP,,20000.0,9,True,CÀ RỐT,,,,,,
241,725868,2910328,12124428,CHAI ÉP CÀ RỐT NGUYÊN CHẤT,"Không đá, không đươngf",35000.0,1,True,CÀ RỐT,,,,,,
242,725868,2910328,2012039,SINH TỐ CÀ RỐT,,15000.0,3,True,CÀ RỐT,,,,,,
243,725868,2910328,48249285,CÀ RỐT +THƠM ÉP,,20000.0,0,True,CÀ RỐT,,,,,,
244,725868,2910328,48249289,CÀ RỐT +THƠM ÉP LY LỚN,,35000.0,1,True,CÀ RỐT,,,,,,
245,725868,2910328,48249293,CHAI CÀ RỐT +THƠM NGUYÊN CHẤT,,35000.0,0,True,CÀ RỐT,,,,,,
246,725868,2910328,48249328,CÀ RỐT +TÁO ÉP,,20000.0,1,True,CÀ RỐT,,,,,,
247,725868,2910328,15436398,SINH TỐ CÀ RỐT LY LỚN,,30000.0,1,True,CÀ RỐT,,,,,,
248,725868,2910328,48249307,CHAI CÀ RỐT +CÀ CHUA NGUYÊN CHẤT,,35000.0,0,True,CÀ RỐT,,,,,,
249,725868,2910328,48249329,CÀ RỐT +TÁO ÉP LY LỚN,,35000.0,0,True,CÀ RỐT,,,,,,
250,725868,2910328,48249295,CÀ RỐT +CÀ CHUA ÉP LY LỚN,,35000.0,0,True,CÀ RỐT,,,,,,
251,725868,2910334,2011732,Nước Ép Chanh Dây ,Chanh dây bỏ hạt hoặc lấy luôn hatj,15000.0,5,True,CHANH DÂY,,,,,,
252,725868,2910334,2020011,Sinh Tố Chanh Dây,,15000.0,1,True,CHANH DÂY,,,,,,
253,725868,2910334,12124429,Chai Thơm + Chanh Dây,"Không đá, không đươngf",35000.0,2,True,CHANH DÂY,,,,,,
254,725868,2910334,12124424,Chai Chanh Dây,"Không đá, không đươngf",30000.0,0,True,CHANH DÂY,,,,,,
255,725868,2910334,12494903,Chanh Dây + Táo ,,20000.0,1,True,CHANH DÂY,,,,,,
256,725868,2910334,67875611,CHANH DÂY + CAM,,20000.0,0,True,CHANH DÂY,,,,,,
257,725868,2910334,15436274,Nước Ép Chanh Dây Ly Lớn,,35000.0,1,True,CHANH DÂY,,,,,,
258,725868,2910334,48248771,Nước Ép Chanh Dây Không Hạt,,15000.0,0,True,CHANH DÂY,,,,,,
259,725868,2910334,48248774,Nước Ép Chanh Dây Không Hạt Ly Lớn,,35000.0,1,True,CHANH DÂY,,,,,,
260,725868,2910334,48248776,Chanh Dây + Táo Ly Lớn,,35000.0,0,True,CHANH DÂY,,,,,,
261,725868,2939925,2012067,SINH TỐ DÂU,,25000.0,10+,True,DÂU,,,,,,
262,725868,2939925,12036651,SINH TỐ DÂU + CHUỐI,,25000.0,10+,True,DÂU,,,,,,
263,725868,2939925,25128365,DÂU +PHOMAI SINH TỐ,,30000.0,7,True,DÂU,,,,,,
264,725868,2939925,25128362,DÂU +DỪA SINH TỐ,,25000.0,1,True,DÂU,,,,,,
265,725868,2939925,12734950,SINH TỐ DÂU +BƠ,,25000.0,0,True,DÂU,,,,,,
266,725868,2939925,25128370,DÂU +SỮA CHUA SINH TỐ,,25000.0,2,True,DÂU,,,,,,
267,725868,2939925,37621112,DÂU +VIỆT QUẤT SINH TỐ,,25000.0,0,True,DÂU,,,,,,
268,725868,2939925,48907997,DÂU +ĐẬU PHỘNG SINH TỐ,,30000.0,0,True,DÂU,,,,,,
269,725868,2939926,2012047,SINH TỐ MÍT,,15000.0,3,True,MÍT,,,,,,
270,725868,2939926,25128354,Sinh Tố Mít Sầu Riêng ,,25000.0,0,True,MÍT,,,,,,
271,725868,2939926,48907993,MÍT SINH TỐ LY LỚN,,30000.0,0,True,MÍT,,,,,,
272,725868,2939928,7427377,SINH TỐ SẦU RIÊNG + BƠ,Bơ và sầu riêng say chung,25000.0,8,True,SẦU RIÊNG,,,,,,
273,725868,2939928,2151750,SINH TỐ SẦU RIÊNG,,20000.0,4,True,SẦU RIÊNG,,,,,,
274,725868,2939929,15532820,SINH TỐ BÍ ĐỎ,,15000.0,5,True,BÍ ĐỎ,,,,,,
275,725868,2939929,15532821,SINH TỐ BÍ ĐỎ LY LỚN,,30000.0,0,True,BÍ ĐỎ,,,,,,
276,725868,2939929,48461220,BÍ ĐỎ +ĐẬU PHỘNG,,20000.0,1,True,BÍ ĐỎ,,,,,,
277,725868,2939929,48461224,BÍ ĐỎ +ĐÂU PHỘNG LY LỚN,,35000.0,0,True,BÍ ĐỎ,,,,,,
278,725868,2939930,2012033,SINH TỐ CHUỐI,,15000.0,6,True,CHUỐI,,,,,,
279,725868,2939930,15436330,SINH TỐ CHUỐI LY LỚN,,30000.0,0,True,CHUỐI,,,,,,
280,725868,2939930,12036674,SINH TỐ CHUỐI +ĐU ĐỦ,,20000.0,2,True,CHUỐI,,,,,,
281,725868,2939930,48907986,CHUỐI +ĐẬU PHỘNG SINH TỐ,,20000.0,0,True,CHUỐI,,,,,,
282,725868,2939930,48907988,CHUỐI +ĐẬU PHỘNG SINH TỐ  LY LỚN,,35000.0,0,True,CHUỐI,,,,,,
283,725868,2939931,2012069,SINH TỐ DƯA GANG,,15000.0,10+,True,DƯA GANG,,,,,,
284,725868,2939931,15436393,SINH TỐ DƯA GANG LY LỚN,,30000.0,0,True,DƯA GANG,,,,,,
285,725868,2939932,2012068,SINH TỐ DỪA,,17000.0,10+,True,DỪA,,,,,,
286,725868,2939932,12037508,SINH TỐ DỪA + CACAO,Bỏ ở trên hoặc say chung,25000.0,6,True,DỪA,,,,,,
287,725868,2939932,12036640,SINH TỐ DỪA + ĐẬU PHỘNG,,25000.0,5,True,DỪA,,,,,,
288,725868,2939933,2012063,SINH TỐ KHOAI MÔN,,20000.0,3,True,KHOAI MÔN,,,,,,
289,725868,2939933,25128280,SINH TỐ Khoai Môn+ ĐẬU PHỘNG ,,25000.0,2,True,KHOAI MÔN,,,,,,
290,725868,2939933,48459462,KHOA MÔN SINH TỐ LY LỚN,,35000.0,0,True,KHOAI MÔN,,,,,,
291,725868,2939934,2011995,SINH TỐ KIWI,,20000.0,1,True,KIWI,,,,,,
292,725868,2939935,2012044,SINH TỐ MÃNG CẦU,,20000.0,10+,True,MÃNG CẦU ,,,,,,
293,725868,2939935,12036682,SINH TỐ MÃNG CẦU + DÂU,,25000.0,4,True,MÃNG CẦU ,,,,,,
294,725868,2939936,2012045,SINH TỐ SABO,,18000.0,10+,True,SABO,,,,,,
295,725868,2939936,12037493,SINH TỐ SABO + CAFE,,20000.0,3,True,SABO,,,,,,
296,725868,2939936,12037501,SINH TỐ SABO + CACAO,,20000.0,3,True,SABO,,,,,,
297,725868,2939936,80992075,SINH TỐ SABO LY LỚN ,,35000.0,1,True,SABO,,,,,,
298,725868,2939936,63345284,Sinh Tố Sabo + ĐẬU PHỘNG,,25000.0,1,True,SABO,,,,,,
299,725868,2939937,2012060,SINH TỐ ĐÀO,,20000.0,5,True,ĐÀO,,,,,,
300,725868,2939937,51852791,Sinh Tố Đào Ly  Lớn,,35000.0,1,True,ĐÀO,,,,,,
301,725868,2939937,105639380,ĐÀO SỮA CHUA DẰM ĐÁ,Đào nhuyênx,35000.0,0,True,ĐÀO,,,,,,
302,725868,2939938,2012054,SINH TỐ ĐU ĐỦ,,15000.0,3,True,ĐU ĐỦ,,,,,,
303,725868,2939938,15436336,SINH TỐ ĐU ĐỦ LY LỚN,,30000.0,0,True,ĐU ĐỦ,,,,,,
304,725868,2939939,2012035,SINH TỐ XOÀI,,15000.0,4,True,XOÀI,,,,,,
305,725868,2939939,15436348,SINH TỐ XOÀI LY LỚN,,30000.0,1,True,XOÀI,,,,,,
306,725868,2939939,48249270,XOÀI +DÂU SINH TỐ,,25000.0,1,True,XOÀI,,,,,,
307,725868,2939939,105639374,SINH TỐ XOÀI + CHUỐI,,20000.0,0,True,XOÀI,,,,,,
308,725868,2939939,105639379,SINH TỐ XOÀI + MÍT,,20000.0,0,True,XOÀI,,,,,,
309,725868,2939939,105639377,SINH TỐ XOÀI + DỪA,,20000.0,0,True,XOÀI,,,,,,
310,725868,2939940,2011991,SINH TỐ VIỆT QUẤT,,20000.0,10+,True,VIỆT QUẤT,,,,,,
311,725868,2939940,63324653,Sinh Tố Việt Quất + Phomai,,25000.0,4,True,VIỆT QUẤT,,,,,,
312,725868,2939940,48249267,VIỆT QUẤT + DÂU SINH TỐ,,25000.0,1,True,VIỆT QUẤT,,,,,,
313,725868,2939940,48249024,VIỆT QUẤT SINH TỐ LY LỚN,,35000.0,0,True,VIỆT QUẤT,,,,,,
314,725868,2939940,63324659,Sinh Tố Việt Quất + Sữa Chua,,25000.0,0,True,VIỆT QUẤT,,,,,,
315,725868,2939940,63324666,Việt Quất Dầm Sữa Chua,,30000.0,1,True,VIỆT QUẤT,,,,,,
